{
  "ApiCareerSystem" : {
    "transaction" : "ApiCareerSystem",
    "sampleCount" : 400,
    "errorCount" : 0,
    "errorPct" : 0.0,
    "meanResTime" : 253.6175,
    "medianResTime" : 249.5,
    "minResTime" : 128.0,
    "maxResTime" : 394.0,
    "pct1ResTime" : 313.90000000000003,
    "pct2ResTime" : 332.95,
    "pct3ResTime" : 364.98,
    "throughput" : 26.961445133459154,
    "receivedKBytesPerSec" : 105.55511087894311,
    "sentKBytesPerSec" : 11.453348274467512
  },
  "ApiHome" : {
    "transaction" : "ApiHome",
    "sampleCount" : 400,
    "errorCount" : 0,
    "errorPct" : 0.0,
    "meanResTime" : 269.6999999999998,
    "medianResTime" : 241.0,
    "minResTime" : 141.0,
    "maxResTime" : 1190.0,
    "pct1ResTime" : 310.90000000000003,
    "pct2ResTime" : 499.8999999999986,
    "pct3ResTime" : 1133.7700000000002,
    "throughput" : 25.212732429877086,
    "receivedKBytesPerSec" : 122.1980381342578,
    "sentKBytesPerSec" : 10.439647021745982
  },
  "Total" : {
    "transaction" : "Total",
    "sampleCount" : 1200,
    "errorCount" : 0,
    "errorPct" : 0.0,
    "meanResTime" : 256.0183333333337,
    "medianResTime" : 244.0,
    "minResTime" : 128.0,
    "maxResTime" : 1190.0,
    "pct1ResTime" : 308.0,
    "pct2ResTime" : 332.95000000000005,
    "pct3ResTime" : 818.8500000000001,
    "throughput" : 74.30800668772059,
    "receivedKBytesPerSec" : 373.4267601709084,
    "sentKBytesPerSec" : 31.251935104340824
  },
  "ApiSettingPage" : {
    "transaction" : "ApiSettingPage",
    "sampleCount" : 400,
    "errorCount" : 0,
    "errorPct" : 0.0,
    "meanResTime" : 244.73750000000013,
    "medianResTime" : 242.0,
    "minResTime" : 130.0,
    "maxResTime" : 399.0,
    "pct1ResTime" : 300.0,
    "pct2ResTime" : 325.0,
    "pct3ResTime" : 369.99,
    "throughput" : 26.71475322246711,
    "receivedKBytesPerSec" : 168.68905696921124,
    "sentKBytesPerSec" : 11.296375141922127
  }
}